title,sentiment_polarity
Gallery unveils interactive tree,0
Jarre joins fairytale celebration,0
Musical treatment for Capra film,0
Richard and Judy choose top books,0
Poppins musical gets flying start,1
Bennett play takes theatre prizes,1
Levy tipped for Whitbread prize,1
West End to honour finest shows,1
Da Vinci Code is 'lousy history',-1
Uganda bans Vagina Monologues,-1
Artists' secret postcards on sale,0
Neeson in bid to revive theatre,0
Levy takes Whitbread novel prize,1
Adventure tale tops awards,1
Mutant book wins Guardian prize,1
Arthur Hailey: King of the bestsellers,1
Spark heads world Booker list,1
Versace art portfolio up for sale,0
Slater to star in Broadway play,0
Public show for Reynolds portrait,0
Obituary: Dame Alicia Markova,-1
Fears raised over ballet future,-1
Famed music director Viotti dies,-1
Paraguay novel wins US book prize,1
New Harry Potter tops book chart,1
UK's National Gallery in the pink,0
Lit Idol begins search for author,0
Potter director signs Warner deal,0
Baghdad Blogger on big screen,0
US critics laud comedy Sideways,1
Dirty Den's demise seen by 14m,-1
Redford's vision of Sundance,0
DVD review: Harry Potter and the Prisoner of Azkaban,0
Vera Drake scoops film award,1
Hundreds vie for best film Oscar,0
Hanks greeted at wintry premiere,0
Film row over Pirates 'cannibals',0
Stars gear up for Bafta ceremony,0
Aviator 'creator' in Oscars snub,0
Wine comedy up for six film gongs,0
No ads for Passion Oscar campaign,0
Berlin honours S Korean director,1
Stars pay tribute to actor Davis,1
US actor Ossie Davis found dead,-1
Jugnot 'tops French actor league',1
Howl helps boost Japan's cinemas,1
Berlin applauds Hotel Rwanda,1
Landmark movies' of 2004 hailed,1
De Niro film leads US box office,1
Willis sues over movie 'injury',-1
Foxx and Swank win US awards,1
Spike Lee backs student directors,1
Horror film heads US box office,1
Mumbai bombs movie postponed,-1
"DVD review: I, Robot",0
Brando 'rejected Godfather role',-1
Dutch watch Van Gogh's last film,1
Berlin hails European cinema,1
Sky takes over Oscar night mantle,1
Snicket tops US box office chart,1
Director Nair's Vanity project,0
Spirit awards hail Sideways,1
Tautou film tops Cesar prize nods,1
Hollywood ready for Oscars night,0
Animation charms Japan box office,1
US box office set for record high,1
Low-budget film wins Cesar,1
Tautou 'to star in Da Vinci film',0
Foxx and Swank take actors awards,1
Children vote Shrek 2 best film,1
UK debut for Kevin Spacey movie,0
Box office blow for Alexander,-1
Ray DVD beats box office takings,1
Ocean's Twelve raids box office,-1
Indie film nominations announced,0
Fockers fuel festive film chart,1
DVD review: Spider-Man 2,0
Baby becomes new Oscar favourite,1
Russian film wins BBC world prize,1
US TV cuts nudity from BBC film,0
Oscars race enters final furlong,0
Cage film's third week at US top,1
Oscar nominees gear up for lunch,0
Church anger over Bollywood film,-1
Bookmakers back Aviator for Oscar,1
Global release for Japan hit film,1
Oscar nominee Dan O'Herlihy dies,-1
Berlin cheers for anti-Nazi film,1
Wine comedy wins critics' award,1
Actor Foxx sees Globe nominations,0
Godzilla gets Hollywood fame star,1
God cut from Dark Materials film,-1
Aviator wins top Globes accolades,1
Singer's film to show at festival,0
Surprise win for anti-Bush film,1
Da Vinci film to star Tom Hanks,1
Controversial film tops festival,1
Fockers retain film chart crown,1
Sundance to honour foreign films,1
Day-Lewis set for Berlin honour,1
Downloads enter US singles chart,0
Glasgow hosts tsunami benefit gig,0
Pop band Busted to 'take a break',0
Streets have 'album of the year',1
Manics in charge of BBC 6 Music,0
Media seek Jackson 'juror' notes,0
Band Aid retains number one spot,1
Rap boss arrested over drug find,-1
Elton plays Paris charity concert,0
Elvis set to top UK singles chart,1
Wal-Mart is sued over rude lyrics,-1
Pete Doherty misses bail deadline,-1
Rapper Snoop Dogg sued for 'rape',-1
Legendary music studio to close,-1
Rapper Jay-Z becomes label boss,0
REM concerts blighted by illness,-1
Ring of Fire hit co-writer dies,-1
'My memories of Marley...',0
Belle named 'best Scottish band',1
Dance music not dead says Fatboy,1
Label withdraws McFadden's video,0
Byrds producer Melcher dies at 62,-1
Snow Patrol feted at Irish awards,1
Doves soar to UK album summit,1
Top gig award for Scissor Sisters,1
Brits return Keane to number one,1
Charity single for quake relief,0
Franz man seeks government help,0
Hard act to follow for OutKast,0
Sir Paul rocks Super Bowl crowds,0
Rock group Korn's guitarist quits,-1
Vibe awards back despite violence,1
'Christmas song formula' unveiled,0
Glastonbury fans to get ID cards,0
Queen recruit singer for new tour,0
U2 to play at Grammy awards show,0
Rock band U2 break ticket record,0
Police praise 'courageous' Ozzy,1
New York rockers top talent poll,0
Blair buys copies of new Band Aid,0
Eminem beats Elvis to number one,1
J-Lo and husband plan debut duet,0
Beastie Boys win sampling battle,1
Pupils to get anti-piracy lessons,1
Spector facing more legal action,-1
Usher leads Billboard nominations,1
Eminem secret gig venue revealed,0
"Beatles suits sell for $110,000",0
OutKast win at MTV Europe Awards,1
Oasis star fined for German brawl,-1
Disputed Nirvana box set on sale,0
Usher leads Soul Train shortlist,0
US charity anthem is re-released,1
Band Aid 20 single storms to No 1,1
iTunes now selling Band Aid song,0
Court halts Mark Morrison album,-1
Prince crowned 'top music earner',1
Early Elvis recordings go on sale,1
Parker's saxophone heads auction,1
Comic Morris returns with sitcom,1
TV station refuses adoption show,-1
A-listers flock to Gervais sitcom,0
Campaigners attack MTV 'sleaze',-1
US actor 'found with gun residue',-1
EastEnders 'is set for US remake',0
US 'to raise TV indecency fines',0
Eurovision 'greats' to do battle,0
UK TV channel rapped for CSI ad,-1
X Factor show gets second series,0
Alicia Keys to open US Super Bowl,0
'Comeback' show for Friends star,0
Hillbillies singer Scoggins dies,-1
Branson show flops on US screens,-1
Housewives lift Channel 4 ratings,1
McCririck out of Big Brother show,-1
Chris Evans back on the market,1
Top stars join US tsunami TV show,1
Star Trek fans fight to save show,1
Top of the Pops leaves BBC One,-1
Oscar host Rock to keep it clean,0
Johnny and Denise lose Passport,-1
Double eviction from Big Brother,-1
Celebrities get their skates on,0
Holmes wins '2004 top TV moment',1
Veteran comic Cyril Fletcher dies,-1
Little Britain vies for TV trophy,0
Springer criticises Opera musical,-1
CSI shows give 'unrealistic view',-1
Ethnic producers 'face barriers',-1
US TV special for tsunami relief,0
Gervais writing Simpsons episode,0
John Peel replacement show begins,0
Brookside actress Keaveney dies,-1
&#163;1.8m indecency fine for Viacom,-1
Celebrities get to stay in jungle,0
Triple triumph for Little Britain,1
BBC 'should allow more scrutiny',0
Greer attacks 'bully' Big Brother,-1
No charges against TV's Cosby,1
Wife Swap makers sue US 'copycat',-1
Show over for MTV's The Osbournes,0
Jungle TV show ratings drop by 4m,-1
Duran Duran show set for US TV,0
US show sued for rat-eating stunt,-1
Muslim group attacks TV drama 24,-1
Brookside creator's Channel 4 bid,0
Little Britain two top comic list,1
TV show unites Angolan families,1
Volcano drama erupts on BBC One,-1
South Bank Awards honour hit soap,1
Baywatch dubbed 'worst TV import',-1
Stern dropped from radio stations,-1
US TV host Clark suffers stroke,-1
New media battle for Bafta awards,0
Bets off after Big Brother 'leak',0
School tribute for TV host Carson,0
Singer Ferguson 'facing eviction',-1
Farrell due to make US TV debut,0
Stallone evicted from Big Brother,-1
Fox 'too reliant on reality TV',0
George Michael to perform for BBC,0
Joy Division story to become film,0
Aaliyah claim dismissed by court,1
Three DJs replace Peel radio show,0
Connick Jr to lead Broadway show,0
Elvis fans hold birthday bash,0
Elvis regains top chart position,1
Franz Ferdinand's art school lesson,0
Singer Knight backs anti-gun song,0
Portishead back after eight years,1
Fightstar take to the stage,0
Elvis 'set for chart hat-trick',1
Youssou N'Dour wins music prize,1
TOTP turns to Elvis impersonator,0
Blue beat U2 to top France honour,1
Ten-year tragedy of missing Manic,-1
Mogul Wilson backing UK rap band,1
Singer Sizzla jailed for swearing,-1
Spears seeks aborted tour payment,0
Deal to ban 'homophobic' reggae,-1
Soul sensation ready for awards,1
Brit awards for Devon music acts,1
Rock star sued by ex-girlfriend,-1
Scissor Sisters triumph at Brits,0
Jamelia's return to the top,1
Cult band Kasabian surge forward,0
Brits debate over 'urban' music,0
Row threatens Hendrix museum plan,0
No jail for singer Courtney Love,1
Rapper Kanye West's shrewd soul,0
Singer Christina Aguilera to wed,1
U2's desire to be number one,0
Lasting influence of legend Charles,0
Grammys honour soul star Charles,0
Abba reunite for musical premiere,1
Help for indies in download sales,0
T in the Park sells out in days,1
Black Sabbath top rock album poll,1
Michael film signals 'retirement',-1
"Hendrix guitar fetches £100,000",1
German music in a 'zombie' state,-1
TV presenter Deeley drops CD:UK,0
The Producers scoops stage awards,0
Rocker Doherty in on-stage fight,0
The Sound of Music is coming home,0
Download chart debut is delayed,-1
Rapper films music video in jail,-1
Music man to the Oscars,0
Church urges Nelly show boycott,-1
Rap feud in 50 Cent's G-Unit crew,0
Prodigy join V Festival line-up,0
DJ double act revamp chart show,0
Rapper 50 Cent scores chart first,1
Goodrem wins top female MTV prize,1
REM announce new Glasgow concert,1
Rapper 50 Cent ends protege feud,0
Musicians to tackle US red tape,0
Angels 'favourite funeral song',0
U2 stars enter rock Hall of Fame,0
Tough schedule delays Elliot show,-1
Singer Ian Brown 'in gig arrest',-1
No UK premiere for Rings musical,-1
Dame Julie pops in to see Poppins,0
Snow Patrol bassist exits group,-1
Fockers keeps US box office lead,1
Spider-Man creator wins profits,1
Fry set for role in Hitchhiker's,0
Bollywood draws global stars,0
Hollywood hunts hits at Sundance,0
Actress Roberts takes spider role,0
Film production 'falls' 40% in UK,-1
Fantasy book wins Hollywood deal,1
The comic book genius of Stan Lee,1
Bangkok film festival battles on,0
Carry On star Patsy Rowlands dies,-1
Double win for Sea Inside,1
BBC denies Blackadder TV comeback,-1
Corbett attacks 'dumbed-down TV',-1
Smith loses US box office crown,-1
BBC to pour £9m into new comedy,1
How the Academy Awards flourished,0
Hoffman hits out over modern film,0
Johnny Depp: The acting outlaw,0
Patti Smith to host arts festival,0
Roxy Music on Isle of Wight bill,0
Music mogul Fuller sells company,0
Johnny Cash manager Holiff dies,-1
UK 'world's biggest music buyer',0
Pixies take on Reading and Leeds,0
Vera Drake leads UK Oscar hopes,0
Moreno debut makes Oscar mark,0
Bening makes awards breakthrough,1
Oscars steer clear of controversy,1
Kidman wins photographer battle,1
Van Gogh festival film withdrawn,-1
Douglas set for Indian adventure,0
Incredibles win animation awards,1
Actor Scott is new Bond favourite,1
Films on war triumph at Sundance,0
Career honour for actor DiCaprio,1
Keanu Reeves given Hollywood star,1
De Niro completes box office coup,1
US composer recreates Bach score,1
Applegate's Charity show closes,-1
Ray Charles studio becomes museum,1
Britney attacks 'false tabloids',-1
Abba queen enters music rich list,1
Casino Royale is next Bond movie,0
Berlin celebrates European cinema,1
India to deport Bollywood actress,-1
Women in film 'are earning less',-1
Vera Drake's Bafta triumph hope,0
Roundabout continues nostalgia trip,-1
Stars shine on Bafta red carpet,1
Bafta to hand out movie honours,1
Aviator and Vera take Bafta glory,1
Film star Fox behind theatre bid,0
Shark Tale DVD is US best-seller,1
Lopez misses UK charity premiere,-1
Super Size Me wins writers' award,1
Original Exorcist to be screened,0
Oscar nominees lack pulling power,-1
Hitch holds on to US box office,0
Tarantino to direct CSI episode,0
Bollywood DVD fraudster is jailed,-1
US 'afflicted' with awards fatigue,1
Critics back Aviator for Oscars,0
Briton wins short film Oscar,1
Sideways dominates Spirit awards,1
Arnold congratulated on Oscar win,1
Eastwood's Baby scoops top Oscars,1
British stars denied major Oscars,-1
Lee to create new film superhero,1
Jackson film 'absolute disaster',-1
France set for new Da Vinci novel,0
UK Directors Guild nominees named,0
Halloween writer Debra Hill dies,-1
Tarantino 'to make Friday sequel',0
Boogeyman takes box office lead,1
Lost Doors frontman movie found,1
Last Star Wars 'not for children',0
French honour for director Parker,1
Robots march to US cinema summit,0
Hobbit picture 'four years away',0
Buffy creator joins Wonder Woman,0
Labour plans maternity pay rise,1
Watchdog probes e-mail deletions,0
Hewitt decries 'career sexism',-1
Labour chooses Manchester,0
Brown ally rejects Budget spree,-1
'Errors' doomed first Dome sale,-1
Fox attacks Blair's Tory 'lies',-1
Women MPs reveal sexist taunts,-1
Campbell: E-mail row 'silly fuss',-1
Crucial decision on super-casinos,0
Mrs Howard gets key election role,0
PM apology over jailings,1
Howard rebuts asylum criticisms,0
Blair rejects Tory terror offer,-1
Talks held on Gibraltar's future,0
Crisis 'ahead in social sciences',-1
Tsunami debt deal to be announced,0
Straw to attend Auschwitz service,0
Drink remark 'acts as diversion',0
Concerns at school diploma plan,-1
Blair backs 'pre-election budget',1
"Nat Insurance to rise, say Tories",1
E-University 'disgraceful waste',-1
Brown visits slum on Africa trip,0
UK 'needs true immigration data',0
Blair sets date for Africa report,0
Butler launches attack on Blair,-1
Lib Dems demand new inquiry,0
UK set to cut back on embassies,-1
Labour targets 'hardcore truants',-1
Blunkett sorry over murder plan,-1
Hunt demo at Labour meeting,0
Protesters plan airport challenge,0
Tories attack burglar 'U-turns',-1
Leaders meet over Turkish EU bid,0
Choose hope over fear - Kennedy,0
Profile: David Miliband,0
Borders rail link campaign rally,1
'Hitler' row over Welsh arts cash,0
Lords wrong on detainees - Straw,-1
Profile: David Blunkett,0
Strike threat over pension plans,-1
Parties warned over 'grey vote',-1
MPs quiz aides over royal income,0
Tory leader 'cleared' over work,0
Blair and Blunkett Sheffield trip,0
Student 'fee factor' played down,-1
Anglers 'could face prosecution',-1
Clarke to press on with ID cards,0
Scots smoking ban details set out,-1
MPs criticise child access system,0
Nuclear strike 'key terror risk',-1
Russian ex-spy on hunger strike,-1
Lib Dems 'to target stamp duty',0
Kelly trails new discipline power,0
Citizenship event for 18s touted,1
England children's tsar appointed,0
EU China arms ban 'to be lifted',1
'Debate needed' on donations cap,0
Cardinal criticises Iraq war cost,-1
Assembly ballot papers 'missing',-1
Muslims discuss election concerns,0
Drive to 'save' festive holidays,0
Blair hails Turkey-EU talks deal,1
Guantanamo pair's passport ban,-1
Commons hunt protest charges,-1
Child access laws shake-up,-1
MPs to debate 'euthanasia laws',0
Talks aim to avert pension strike,-1
Opposition grows to house arrests,0
Visa decision 'every 11 minutes',0
'No more concessions' on terror,0
No to Royal succession shake-up,-1
BNP leader Nick Griffin arrested,-1
Boris opposes mayor apology,0
Report attacks defence spending,-1
Brown names 16 March for Budget,0
Asylum children to face returns,0
'Fido' to be taken off vote lists,0
'More to do' on adult literacy,0
Tory backing for ID cards,1
Labour's 'EU propaganda',0
Hague 'given up' his PM ambition,-1
Job cuts 'false economy'  - TUC,0
UK's 'useless' quangos under fire,-1
Howard backs stem cell research,1
Howard unveils Tory asylum plans,0
Campaign 'cold calls' questioned,0
Tory leader quits legal position,-1
MSPs hear renewed climate warning,0
Vouchers 'to cut winter deaths',1
New 'yob' targets to be unveiled,0
Kennedy calls for Iraq exit plans,0
McConnell in 'drunk' remark row,0
Brown hits back in Blair rift row,0
Tories 'would cut number of MPs',0
UK plan to deport terror suspects,0
Ministers deny care sums 'wrong',0
Blair stresses prosperity goals,0
Guantanamo man 'suing government',-1
Council tax rise 'reasonable',1
Blunkett row should end - Blair,0
Minimum rate for foster parents,-1
Royal couple watch nation's mood,0
Muslim police stops 'more likely',-1
Howard attacks cost of asylum,0
Brown outlines third term vision,0
'Super union' merger plan touted,1
UK firms 'embracing e-commerce',1
UK heading wrong way - Howard,-1
Kilroy launches 'Veritas' party,0
Blair 'damaged' by Blunkett row,-1
MP's shock at long lost daughter,-1
Green fear for transport ballot,-1
New drink limit 'would cut toll',0
"CSA 'could close', says minister",-1
Boothroyd calls for Lords speaker,0
Bid to cut court witness stress,-1
"Lord Scarman, 93, dies peacefully",-1
Tory leader urges Harry apology,1
NHS waiting time target is cut,-1
Tories plan migrant health checks,0
MPs issued with Blackberry threat,-1
Wales 'must learn health lessons',0
UKIP candidate suspended,-1
End Bush 'denial' Blair tells EU,-1
Brown to outline presidency goals,0
Brown shrugs off economy fears,0
UK troops on Ivory Coast standby,0
Blair told to double overseas aid,0
Peace demo appeal rejected,-1
Retirement age could be scrapped,-1
Jowell rejects 'Las Vegas' jibe,-1
Ban on hunting comes into force,-1
Blair says UK tsunami aid to soar,-1
Straw attacked on China arms,-1
Defiant hunts put ban to the test,-1
EU fraud clampdown urged,-1
Straw praises Kashmir moves,1
UK helps raped Rwandan women,1
Howard denies split over ID cards,0
EU referendum question unveiled,0
Malik rejects all-black MP lists,-1
MP attacked by muggers in Kenya,-1
Candidate resigns over BNP link,-1
'Nuclear dumpsite' plan attacked,-1
Labour accused of broken pledge,-1
Labour trio 'had vote-rig factory',-1
Blair returns from peace mission,0
Galloway plea for hostage release,0
Guantanamo four questioned,0
Minister defends hunting ban law,0
Clarke to unveil immigration plan,0
Mayor will not retract Nazi jibe,0
Pakistani women 'must not hide',0
Visa row mandarin made Sir John,0
Kilroy-Silk attacked with slurry,-1
"Petrol duties frozen, Brown says",0
Howard unveils election platform,0
Lawyer attacks anti-terror laws,-1
Turkey deal 'to help world peace',0
"Protect whistleblowers, TUC says",1
Kinnock to urge reform in Lords,0
McConnell details Scots wave toll,1
Police urge pub closure power,-1
Blunkett tells of love and pain,0
Housing plans criticised by MPs,-1
MPs' murder sentence concern,-1
'No-one can define new hunt ban',0
Hospital suspends 'no Welsh' plan,-1
Tories pledge free sports lessons,1
Faith schools citizenship warning,0
Ministers lose slopping out case,-1
Escaped prisoner report ordered,-1
Chancellor rallies Labour voters,0
Councils 'must find Gypsy sites',0
Plaid MP's cottage arson claim,0
Hatfield executives go on trial,-1
Final hunts held as ban looms,-1
Falconer rebuts 'charade' claims,0
"School sport 'is back', says PM",0
Anti-terror plan faces first test,0
Former NI minister Scott dies,-1
Blair rejects Iraq advice calls,-1
Police probe BNP mosque leaflet,0
Blair says mayor should apologise,0
Jowell confirms casino climbdown,0
Security papers 'found in street',0
Blair congratulates Bush on win,1
Howard 'truanted to play snooker',0
Short attacks US over tsunami aid,-1
Guantanamo four free in weeks,0
Tories attack EU asylum moves,-1
Cherie accused of attacking Bush,-1
Tsunami 'won't divert Africa aid',0
Mandelson warning to BBC,-1
Blair 'pressing US on climate',0
Police chief backs drinking move,1
Game warnings 'must be clearer',0
Mallon wades into NE vote battle,0
Howard rejects BNP's claim,-1
Tories opposing 24-hour drinking,-1
New foot and mouth action urged,0
Correction agency plans dropped,0
Tutu's Guantanamo release call,0
Blair's hope for Blunkett return,0
February poll claim 'speculation',0
Gurkhas to help tsunami victims,1
Abbas 'will not tolerate' attacks,0
Thousands join strike in Wales,-1
Top judge clashes with ministers,-1
Tory expert denies defeatism,-1
Lib Dems target the student vote,0
Custody death rate 'shocks' MPs,-1
New rules tackle 'sham weddings',-1
Ministers 'naive' over phone-taps,0
Schools to take part in mock poll,0
Blair dismisses quit claim report,0
Jamieson issues warning to bigots,0
Clarke plans migrant point scheme,0
Clarke defends terror detentions,1
Voters 'reject EU by two to one',-1
Kennedy questions trust of Blair,0
Terror detainees win Lords appeal,0
Blair to face MPs amid feud talk,0
Tories unveil quango blitz plans,0
Clarke faces ID cards rebellion,-1
Labour pig poster 'anti-Semitic',-1
Iraqis win death test case probe,-1
Burglar defence guidelines issued,1
Woolf murder sentence rethink,0
Probe launched on Ken Nazi jibe,0
'Few ready' for information act,0
Blunkett unveils policing plans,0
Lib Dems' new election PR chief,0
Jack Cunningham to stand down,-1
Kilroy unveils immigration policy,0
Regiments' group in poll move,0
Row over 'police' power for CSOs,0
Sport betting rules in spotlight,0
Councils prepare to set tax rises,-1
Whitehall shredding increasing - Tories,-1
MPs assess Scots fishing industry,0
Research fears over Kelly's views,-1
Army chiefs in regiments decision,0
Student 'inequality' exposed,0
Kennedy to make temple address,0
David Blunkett in quotes,0
"No election TV debate, says Blair",0
What the election should really be about?,0
Brown and Blair face new rift claims,0
Blair 'said he would stand down',0
Could rivalry overshadow election?,0
Brown in appeal for Labour unity,0
Blair pledges unity to Labour MPs,0
Blair and Brown criticised by MPs,-1
Labour MPs' fears over squabbling,-1
'Poll Idols' face first hurdles,0
Labour seeks to quell feud talk,-1
Labour's election love-in,0
Howard taunts Blair over splits,-1
How political squabbles snowball,-1
Blair looks to election campaign,0
Peers debate Crown succession law,0
UKIP's secret weapon?,0
More reforms ahead says Milburn,0
Teens 'know little' of politics,0
Defection timed to hit tax pledge,0
Tory leader unveils spending plan,0
Kennedy looks to election gains,1
'Best person' for top legal job,1
The memory driving Brown's mission,0
Howard dismisses Tory tax fears,1
Donor attacks Blair-Brown 'feud',-1
Howard and Blair tax pledge clash,0
What really divides the parties,0
Amnesty chief laments war failure,-1
Blair sees greater Bush consensus,1
Kilroy-Silk quits 'shameful' UKIP,-1
Blair blasts Tory spending plans,-1
Lib Dems' 'bold' election policy,0
Kennedy's cautious optimism,0
UKIP candidate suspended in probe,-1
New UKIP defection to 'Veritas',-1
Baron Kinnock makes Lords debut,1
Terror powers expose 'tyranny',-1
UKIP MEP attacked German 'empire',-1
Civil servants in strike ballot,-1
Blair Labour's longest-serving PM,1
Tories leave door open for Archer,0
Mandelson warns BBC on Campbell,0
Conservative backing for ID cards,0
Taxes must be trusted - Kennedy,0
Galloway targets 'New Labour' MP,0
Election deal faltered over Heath role,0
UKIP outspent Labour on EU poll,0
Labour battle plan 'hides Blair',-1
Campbell returns to election team,0
Conservative MP defects to Labour,0
Tory 'stalking horse' Meyer dies,-1
UK youth 'interested' in politics,1
Stalemate in pension strike talks,-1
Blair to face trust issue head on,0
CSA chief who 'quit' still in job,-1
Blair moves to woo Jewish voters,0
Parties' plans for council tax,0
Labour in constituency race row,0
MPs tout Lords replacement plan,0
Hague's six-figure earnings shown,0
Parties build up poll war chests,0
Kennedy predicts bigger turnout,1
Iraq advice claim sparks new row,0
UKIP could sue Veritas defectors,-1
Prime minister's questions,0
Goldsmith denies war advice claim,-1
Goldsmith: 'I was not leant on',0
Tory expert denies defeat warning,-1
Manchester wins Labour conference,1
Labour attacked on Howard poster,-1
Milburn defends poster campaign,0
Kilroy names election seat target,0
Immigration to be election issue,-1
Kennedy begins pre-election tour,0
Labour's core support takes stock,0
Lib Dems highlight problem debt,-1
Lib Dems target first-time buyers,0
Lib Dems unveil women's manifesto,0
Labour's Cunningham to stand down,-1
Will Tory tax cuts lift spirits?,0
Teenagers to be allowed to be MPs,0
Labour's four little words,0
Tories outlining policing plans,0
TV debate urged for party chiefs,0
Brown 'proud of economy record',1
Blair joins school sailing trip,0
"Analysis: No pain, no gain?",0
Lib Dems stress Budget trust gap,-1
Cabinet anger at Brown cash raid,-1
'UK will stand firm on EU rebate',0
Will the Budget bring out smiling voters?,1
Budget to set scene for election,0
Brown comes out shooting,-1
Kennedy criticises 'unfair' taxes,-1
Howard attacks 'pay later' Budget,-1
Whitehall cuts 'ahead of target',-1
Brown calls for £5.5bn Aids fund,1
"UK heading wrong way, says Howard",-1
"Act on detention ruling, UK urged",-1
BAA support ahead of court battle,0
UK 'discriminated against Roma',-1
Howard pitches for UK ethnic vote,0
Observers to monitor UK election,0
UK rebate 'unjustified' - Chirac,-1
"UK needs tax cuts, Tories insist",-1
Brown targets OAPs and homebuyers,0
MPs demand 'Budget leak' answers,0
US casino 'tricks' face ban in UK,-1
Blair defends terror law changes,-1
Election 'could be terror target',-1
Minimum wage increased to £5.05,1
Hunt ban support is 'in decline',-1
At a glance: Tory health checks,0
Labour accused of 'EU propaganda',-1
Terror suspects face house arrest,-1
UK pledges £1bn to vaccine effort,1
Straw backs ending China embargo,1
Pre-poll clash on tax and spend,-1
Plan to give elderly care control,1
EU rules 'won't stop UK spending',0
Child access law shake-up planned,0
'EU referendum could cost £80m',0
'No UK apology' for colonial past,0
Parliament's record of scandal,-1
Economy focus for election battle,-1
Blair ready to call election,0
Labour faces 'cold calls' inquiry,-1
Blunkett hints at election call,0
Lib Dems predict 'best ever poll',1
Tories reject rethink on axed MP,-1
Ex-PM Lord Callaghan dies aged 92,-1
Blair prepares to name poll date,0
Brown's poll campaign move denied,-1
Voters 'don't trust politicians',-1
Tory candidate quits over remark,-1
Abortion not a poll issue - Blair,-1
Profile: Gordon Brown,0
Boateng to step down at election,-1
Howard hits back at mongrel jibe,0
Tories urge 'change at the top',0
Sayeed to stand down as Tory MP,-1
Howard's unfinished business,0
'Last chance' warning for voters,-1
Sainsbury's Labour election gift,1
Blair 'up for it' ahead of poll,1
Labour MP praises Tory campaign,0
Top Tories on Lib Dem 'hit list',-1
Lib Dems unveil election slogan,0
Claxton hunting first major medal,0
O'Sullivan could run in Worlds,0
Greene sets sights on world title,0
IAAF launches fight against drugs,1
"Dibaba breaks 5,000m world record",1
Isinbayeva claims new world best,1
O'Sullivan commits to Dublin race,0
Hansen 'delays return until 2006',-1
Off-colour Gardener storms to win,0
Collins to compete in Birmingham,0
Radcliffe yet to answer GB call,-1
Edwards tips Idowu for Euro gold,0
Kenya lift Chepkemei's suspension,1
McIlroy aiming for Madrid title,0
UK Athletics agrees new kit deal,1
Verdict delay for Greek sprinters,-1
Call for Kenteris to be cleared,0
Merritt close to indoor 400m mark,0
London hope over Chepkemei,0
Chepkemei hit by big ban,-1
Holmes secures comeback victory,0
Greek pair attend drugs hearing,0
Chepkemei joins Edinburgh line-up,0
El Guerrouj targets cross country,0
Collins appeals against drugs ban,0
Holmes feted with further honour,0
Campbell to extend sprint career,0
Isinbayeva heads for Birmingham,0
2004: An Irish Athletics Year,0
Sprinter Walker quits athletics,-1
Bekele sets sights on world mark,0
Greek sprinters suspended by IAAF,-1
Athens memories soar above lows,0
Collins banned in landmark case,-1
Jones doping probe begins,-1
Johnson accuses British sprinters,-1
Radcliffe proves doubters wrong,1
Jones medals 'must go if guilty',0
Radcliffe tackles marathon tasks,1
Gatlin and Hayes win Owen awards,1
Radcliffe enjoys winning comeback,1
Collins named UK Athletics chief,0
White admits to Balco drugs link,-1
Trial date is set for Balco case,-1
Radcliffe eyes hard line on drugs,-1
Kenteris denies faking road crash,-1
Greek pair set for hearing,-1
Jones files Conte lawsuit,-1
IAAF awaits Greek pair's response,0
IAAF to rule on Greek sprint pair,0
Holmes starts 2005 with GB events,0
Gebrselassie in London triple bid,0
Thanou bullish over drugs hearing,-1
Holmes is hit by hamstring injury,-1
Kluft impressed by Sotherton form,1
What now for Kelly Holmes?,0
Gardener battles to narrow win,1
European medal chances improve,1
McIlroy wins 800m indoor title,1
Johnson edges out rival Sotherton,0
Brizzel to run AAA's in Sheffield,0
Holmes urged to compete at Worlds,0
McIlroy continues winning streak,1
Radcliffe will compete in London,0
Britain boosted by Holmes double,1
Lewis-Francis eyeing world gold,1
GB select Holmes for double bid,0
Holmes back on form in Birmingham,0
Record fails to lift lacklustre meet,-1
Tomlinson stays focused on Europe,0
Running around the Olympics,0
Johnson uncertain about Euro bid,0
Pavey focuses on indoor success,1
Gardener wins double in Glasgow,1
African double in Edinburgh,1
Yelling takes Cardiff hat-trick,0
Butler strikes gold in Spain,1
Wada will appeal against ruling,-1
Greek sprinters 'won't run again',0
IAAF will contest Greek decision,0
Greek duo cleared in doping case,1
Johnson too strong for GB runners,0
Tulu to appear at Caledonian run,0
Disappointed Scott in solid start,-1
GB quartet get cross country call,0
Jones files lawsuit against Conte,-1
Thanou desperate to make return,1
Relay squad thrilled with honours,1
Balco case trial date pushed back,-1
Collins calls for Chambers return,0
Costin aims for comeback in 2006,0
Lewis-Francis turns to Christie,0
Man Utd stroll to Cup win,0
Van Nistelrooy set to return,0
Moyes U-turn on Beattie dismissal,0
Ronaldo considering new contract,0
Smith keen on Home series return,0
Mido makes third apology,1
Man City 0-2 Man Utd,0
Gerrard plays down European hopes,-1
Duff ruled out of Barcelona clash,-1
Chelsea clinch cup in extra-time,1
Newcastle 2-1 Bolton,0
Middlesbrough 2-2 Charlton,0
Dundee Utd 4-1 Aberdeen,0
Clyde 0-5 Celtic,0
Hearts 2-1 Livingston,0
Kenyon denies Robben Barca return,-1
Bridge could miss rest of season,-1
Parry firm over Gerrard,1
Wright-Phillips to start on right,1
Robben sidelined with broken foot,-1
Giggs handed Wales leading role,1
Bosvelt optimistic over new deal,1
Sociedad set to rescue Mladenovic,1
Parry relishes Anfield challenge,1
Time to get tough on friendlies?,0
Barcelona title hopes hit by loss,-1
Parry puts Gerrard 'above money',1
Bees handed potential Man Utd tie,0
England's defensive crisis grows,-1
Ferdinand casts doubt over Glazer,-1
Premier League planning Cole date,0
McCall earns Tannadice reprieve,-1
Kewell waits as injury drags on,-1
Smith aims to bring back respect,1
Injury doubts beset Wales squad,-1
Weir poised for Sunderland move,0
Newry to fight cup exit in courts,-1
Republic to face China and Italy,0
Finnan says Irish can win group,1
Irish finish with home game,0
Israeli club look to Africa,0
Iranian misses Israel match,-1
Highbury tunnel players in clear,0
Bellamy under new fire,-1
Chelsea denied by James heroics,-1
Chelsea ridiculed over complaint,-1
Benitez issues warning to Gerrard,-1
Owen determined to stay in Madrid,0
Wenger handed summer war chest,0
Souness delight at Euro progress,1
Downing injury mars Uefa victory,-1
Rangers seal Old Firm win,1
SFA awaits report over Mikoliunas,0
Palace threat over Cantona masks,-1
Legendary Dutch boss Michels dies,-1
Jol joy at 'professional' Cup win,1
Owen delighted with Real display,1
Ferguson fears Milan cutting edge,-1
Rush future at Chester uncertain,-1
Reyes tricked into Real admission,-1
Benitez joy as Reds take control,1
Souness eyes summer move for Owen,0
Wenger dejected as Arsenal slump,-1
Stam spices up Man Utd encounter,0
Mourinho defiant on Chelsea form,0
Hodgson relishes European clashes,1
Coach Ranieri sacked by Valencia,-1
Cole faces lengthy injury lay-off,-1
Arsenal through on penalties,1
Ajax refuse to rule out Jol move,-1
Unclear future for striker Baros,0
Prutton poised for lengthy FA ban,-1
Robben plays down European return,0
Adriano's Chelsea link rejected,-1
FA decides not to punish Mourinho,1
Aragones angered by racism fine,-1
Boro suffer Morrison injury blow,-1
Mourinho receives Robson warning,-1
QPR keeper Day heads for Preston,0
Cudicini misses Carling Cup final,-1
Beattie return calms attack fears,0
Keegan hails comeback king Fowler,0
Thompson says Gerrard should stay,0
Cole refuses to blame van Persie,-1
Blackburn v Burnley,0
Brentford v Southampton,0
Desailly backs Blues revenge trip,0
Mourinho expects fight to finish,-1
Cup holders Man Utd visit Everton,0
Candela completes Bolton switch,0
Stuart joins Norwich from Addicks,0
Celtic make late bid for Bellamy,0
Campbell lifts lid on United feud,0
Rovers reject third Ferguson bid,-1
SA return to Mauritius,0
Tottenham bid &#163;8m for Forest duo,0
Redknapp's Saints face Pompey tie,0
Real in talks over Gravesen move,0
Klinsmann issues Lehmann warning,-1
Juninho demand for O'Neill talks,0
Wenger signs new deal,1
FA probes crowd trouble,0
Edu describes tunnel fracas,0
Chelsea sack Mutu,-1
Ferguson urges Henry punishment,-1
Wenger offers Mutu hope,1
Santini resigns as Spurs manager,-1
Mutu to hold talks with Juventus,0
Uefa approves fake grass,1
Yeading face Newcastle in FA Cup,0
Anelka 'eyes Man City departure',0
Arnesen denies rift with Santini,-1
Souness backs Smith for Scotland,0
Gallas sees two-horse race,0
Tevez - an Argentine in Brazil,0
Edu blasts Arsenal,-1
Can Smith work Scottish wonders?,0
Jansen suffers a further setback,-1
Mansfield 0-1 Leyton Orient,0
Zambia confident and cautious,0
Reaction from Spanish press,0
Kerr frustrated at victory margin,-1
Mourinho plots impressive course,1
Hearts of Oak 3-2 Cotonsport,0
Curbishley delight for Johansson,1
Lennon brands Rangers favourites,1
McClaren hails Boro's Uefa spirit,1
Benitez delight after crucial win,1
Bristol City 2-1 Milton Keynes,0
Hereford 1-1 Doncaster,0
Wolves appoint Hoddle as manager,0
Wenger keeping faith with Almunia,1
Houllier praises Benitez regime,1
McClaren targets Champions League,0
Hitzlsperger waiting on O'Leary,0
Mourinho to escape FA charge,0
Redknapp poised for Saints,0
FA charges Liverpool and Millwall,0
Wenger steps up row,0
Liverpool revel in night of glory,1
English clubs make Euro history,1
Ferguson puts faith in youngsters,1
Beckham relief as Real go through,1
Man Utd through after Exeter test,0
Hamm bows out for US,0
Wenger rules out new keeper,-1
Liverpool pledge to keep Gerrard,0
Pearce keen on succeeding Keegan,1
Bomb threat at Bernabeu stadium,-1
Chelsea hold Arsenal,0
Real will finish abandoned match,0
Poll explains free-kick decision,0
Solskjaer raises hopes of return,0
Dunne keen to commit to Man City,1
Bates seals takeover,0
Ferguson rues failure to cut gap,0
Old Firm pair handed suspensions,-1
Anelka apologises for criticism,-1
Everton's Weir cools Euro hopes,0
Spain coach faces racism inquiry,-1
Benitez deflects blame from Dudek,0
Bellamy fined after row,-1
McClaren eyes Uefa Cup top spot,0
Spurs to sign Iceland U21 star,0
McLeish ready for criticism,-1
O'Leary agrees new Villa contract,1
Gronkjaer agrees switch to Madrid,0
Benitez 'to launch Morientes bid',0
Robertson out to retain Euro lure,0
Campbell rescues Arsenal,0
Reds sink 10-man Magpies,0
Strachan turns down Pompey,-1
Henry tipped for Fifa award,1
Newcastle to join Morientes race,0
Blues slam Blackburn over Savage,-1
Gerrard happy at Anfield,1
Beckham rules out management move,-1
Mexicans tracking unhappy Juninho,0
Celtic unhappy over Bulgaria date,-1
Robben and Cole earn Chelsea win,1
Newcastle line up Babayaro,0
Mourinho takes swipe at Arsenal,0
Wenger shock at Newcastle dip,-1
Ferguson hails Man Utd's resolve,0
TV calls after Carroll error,-1
Hodgson shoulders England blame,0
Vickery out of Six Nations,0
Yachvili savours France comeback,1
Laporte tinkers with team,0
Lewsey puzzle over disallowed try,-1
Fuming Robinson blasts officials,-1
O'Gara revels in Ireland victory,1
Thomas out of Six Nations,-1
Wales coach elated with win,1
Newcastle 27-27 Gloucester,0
London Irish 19-33 Wasps,0
Murray returns to Scotland fold,0
Fear will help France - Laporte,-1
Davies favours Gloucester future,0
Ref stands by Scotland decisions,0
Robinson ready for difficult task,1
Bell set for England debut,0
O'Sullivan quick to hail Italians,1
Italy 17-28 Ireland,0
Jones happy with Henson heroics,1
Double injury blow strikes Wales,-1
Kirwan demands Italy consistency,0
Fit-again Betsen in France squad,0
Wales critical of clumsy Grewcock,-1
Henson stakes early Lions claim,0
Murphy: That was a bruising battle,-1
Wales make two changes for France,0
Ireland surge past Scots,0
Wales win in Rome,1
White prepared for battle,0
O'Driscoll saves Irish blushes,0
Barkley fit for match in Ireland,1
Wales stars need a rest - Ruddock,0
Munster Cup tie switched to Spain,0
Williams says he will never quit,0
Pountney handed ban and fine,-1
France v Wales (Sat),0
Woodward eyes Brennan for Lions,0
Scotland v Italy (Sat),0
Preview: Ireland v England (Sun),0
Leeds v Saracens (Fri),0
Worcester v Sale (Fri),0
Robinson answers critics,-1
Sella wants Michalak recall,0
Umaga ready for Lions,0
"Umaga ready for ""fearsome"" Lions",0
Campese berates whingeing England,0
O'Driscoll/Gregan lead Aid stars,0
Harinordoquy suffers France axe,-1
Parker misses England clash,-1
Stevens named in England line-up,0
Bortolami predicts dour contest,0
Corry backs skipper Robinson,0
Prop Jones ready for hard graft,0
Moody joins up with England,0
Captains lining up for Aid match,0
Castaignede fires Laporte warning,-1
Charvis set to lose fitness bid,-1
Robinson out of Six Nations,0
England coach faces rap after row,0
Wilkinson return 'unlikely',-1
England 'to launch ref protest',-1
Moore questions captaincy,0
Owen set for skipper role,0
Italy aim to rattle England,0
Dal Maso in to replace Bergamasco,0
Teenager Tait picked for England,0
Wood - Ireland can win Grand Slam,1
Scots suffer another injury blow,-1
O'Sullivan keeps his powder dry,0
Wales get Williams fitness boost,0
Dawson joins England injury list,-1
Wales want rugby league training,0
Saint-Andre anger at absent stars,-1
Ruddock backs Yapp's credentials,0
Player burn-out worries Robinson,-1
Hodges announces rugby retirement,-1
Funding cut hits Wales Students,-1
Calder fears for Scottish rugby,-1
A year to remember for Irish,0
Williams stays on despite dispute,0
Lomu relishing return to action,0
Johnson announces June retirement,-1
A November to remember,0
South Africa sweep top awards,1
Robinson wants dual code success,1
All Black magic: New Zealand rugby,0
WRU proposes season overhaul,0
Wilkinson to lead England,0
Hong Kong in 2011 World Cup bid,0
Dallaglio his own man to the end,0
Wasps 31-37 Leicester,0
Ireland 17-12 South Africa,0
Ireland v USA (Sat),0
Ireland call up uncapped Campbell,0
Ireland 21-19 Argentina,0
England claim Dubai Sevens glory,1
Barbarians 19-47 New Zealand,0
Dawson wins England squad recall,1
Borders 19-20 Ulster,0
Lions blow to World Cup stars,0
Campbell to be Lions consultant,0
Lions blow to World Cup winners,0
Wilkinson fit to face Edinburgh,1
Dallaglio eyeing Lions tour place,0
Dawson set for new Wasps contract,0
Healey targets England comeback,0
Scrum-half Williams rejoins Bath,0
Bath faced with Tindall ultimatum,-1
Tindall wants second opinion,0
Paris promise raises Welsh hopes,0
Wales silent on Grand Slam talk,0
Sculthorpe wants Lions captaincy,0
Tigers wary of Farrell 'gamble',0
Farrell saga to drag on - Lindsay,0
England given tough Sevens draw,-1
Wales hails new superstar,0
Sydney to host north v south game,0
Celts savour Grand Slam prospect,1
Ireland win eclipses refereeing 'errors',1
Ireland 19-13 England,0
Scotland 18-10 Italy,0
O'Connell rejects Lions rumours,-1
Taylor poised for Scotland return,0
Vickery upbeat about arm injury,1
Dominici backs lacklustre France,0
Llewellyn plans Wales retirement,-1
England 17-18 France,0
Wilkinson to miss Ireland match,-1
Italy 8-38 Wales,0
D'Arcy injury adds to Ireland woe,-1
O'Driscoll out of Scotland game,-1
Tindall aiming to earn Lions spot,0
O'Connor aims to grab opportunity,0
Henman overcomes rival Rusedski,0
Safin slumps to shock Dubai loss,-1
Ferrero eyes return to top form,0
Roddick into San Jose final,0
Federer claims Dubai crown,0
Young debut cut short by Ginepri,-1
Melzer shocks Agassi,-1
Federer forced to dig deep,0
Nadal marches on in Mexico,0
Hantuchova in Dubai last eight,0
Parmar ruled out of Davis Cup tie,-1
Davenport hits out at Wimbledon,0
Dogged Federer claims Dubai crown,0
Henman hopes ended in Dubai,-1
Mirza shocks Kuznetsova,-1
Murray to make Cup history,1
Venus stunned by Farina Elia,0
Martinez sees off Vinci challenge,0
Serena becomes world number two,0
Hingis to make unexpected return,0
Clijsters set for February return,0
Hewitt falls to Dent,0
Angry Williams rejects criticism,-1
Davenport dismantles young rival,-1
Serena ends Sania Mirza's dream,-1
Kuznetsova 'failed a drugs test',-1
What now for British tennis?,0
Hewitt overcomes wobble in Sydney,1
Moya fights back for Indian title,-1
Rochus shocks Coria in Auckland,-1
Johansson takes Adelaide victory,1
Hingis hints at playing comeback,0
Slovakia seal Hopman Cup success,1
Dementieva prevails in Hong Kong,1
Injury sidelines Philippoussis,-1
Hewitt falls to Dent in Adelaide,-1
Federer breezes into semi-finals,1
Davenport puts retirement on hold,0
Rusedski angry over supplements,-1
Navratilova hits out at critics,-1
Prodigy Monfils blows away Gaudio,-1
Connors boost for British tennis,0
Henin-Hardenne beaten on comeback,-1
Moya clinches Cup for Spain,0
Capriati to miss Melbourne,0
Classy Henman makes winning start,1
Moya emotional after Davis Cup win,0
Moya emotional at Davis Cup win,0
Capriati out of Australian Open,-1
Bryan twins keep US hopes alive,0
Faultless Federer has no equal,0
Mauresmo opens with victory in LA,1
Agassi fear for Melbourne,0
Henman to face Saulnier test,0
Moya suffers shock loss,-1
Clijsters hope on Aussie Open,0
Clijsters could play Aussie Open,0
Edgy Agassi struggles past Dent,-1
Roddick splits from coach Gilbert,-1
Roddick in talks over new coach,0
Hewitt survives Nalbandian epic,0
Sydney return for Henin-Hardenne,0
Koubek suspended after drugs test,-1
Hewitt fights back to reach final,0
Officials respond in court row,-1
Williams battles to Aussie title,0
Safin cool on Wimbledon,0
Safin plays down Wimbledon hopes,-1
Nadal puts Spain 2-0 up,0
Henman & Murray claim LTA awards,1
Connors' rallying cry for British tennis,0
Roche 'turns down Federer offer',0
Federer joins all-time greats,1
Philippoussis doubt over Open bid,0
Slovakia reach Hopman Cup final,0
Dent continues Adelaide progress,0
Moya sidesteps Davis Cup in 2005,0
Henman decides to quit Davis Cup,-1
Ivanovic seals Canberra victory,1
Minister digs in over doping row,-1
Safin relieved at Aussie recovery,0
Veteran Martinez wins Thai title,1
Soderling wins tense Milan final,1
Rusedski forced out in Marseille,-1
Big guns ease through in San Jose,0
Almagro continues Spanish surge,0
Melzer shocks Agassi in San Jose,-1
Mirza makes Indian tennis history,1
Roddick to face Saulnier in final,0
Ink helps drive democracy in Asia,0
China net cafe culture crackdown,0
Microsoft seeking spyware trojan,-1
Digital guru floats sub-$100 PC,0
Technology gets the creative bug,0
Wi-fi web reaches farmers in Peru,1
Microsoft releases bumper patches,1
Virus poses as Christmas e-mail,-1
Apple laptop is 'greatest gadget',1
Google's toolbar sparks concern,-1
UK net users leading TV downloads,0
IBM puts cash behind Linux push,0
UK pioneers digital film network,0
EU software patent law faces axe,-1
Xbox power cable 'fire fear',-1
Global blogger action day called,0
Finding new homes for old phones,0
PlayStation 3 chip to be unveiled,0
Intel unveils laser breakthrough,0
Security scares spark browser fix,-1
Britons fed up with net service,-1
Sun offers processing by the hour,0
Lasers help bridge network gaps,0
Game firm holds 'cast' auditions,0
Sony PSP console hits US in March,0
Warnings about junk mail deluge,-1
Warning over tsunami aid website,-1
Piero gives rugby perspective,0
Open source leaders slam patents,1
Reboot ordered for EU patent law,0
Solutions to net security fears,0
Mobile networks seek turbo boost,0
Global digital divide 'narrowing',0
UK gets official virus alert site,1
Iran jails blogger for 14 years,-1
US woman sues over cartridges,-1
Movie body hits peer-to-peer nets,0
Security warning over 'FBI virus',-1
Apple iPod family expands market,0
T-Mobile bets on 'pocket office',0
Hotspot users gain free net calls,1
DVD copy protection strengthened,0
Apple attacked over sources row,-1
Sony PSP tipped as a 'must-have',0
BBC leads interactive Bafta wins,0
Millions buy MP3 players in US,0
'No re-draft' for EU patent law,0
Domain system scam fear,-1
Cheaper chip for mobiles,1
Blind student 'hears in colour',0
Xbox 2 may be unveiled in summer,0
Microsoft launches its own search,0
Moving mobile improves golf swing,0
Junk e-mails on relentless rise,-1
Sporting rivals go to extra time,0
Half-Life 2 sweeps Bafta awards,1
BT boosts its broadband packages,1
Mobiles 'not media players yet',0
Microsoft releases patches,0
Concern over RFID tags,-1
Ask Jeeves joins web log market,0
Looks and music to drive mobiles,0
Yahoo celebrates a decade online,1
Kenyan school turns to handhelds,1
Tough rules for ringtone sellers,-1
Creator of first Apple Mac dies,-1
'Friends fear' with lost mobiles,-1
Telewest to challenge Sky Plus,0
Games enter the classroom,0
Gadget growth fuels eco concerns,-1
'Evil twin' fear for wireless net,-1
China 'to overtake US net use',0
US peer-to-peer pirates convicted,-1
Google launches TV search service,0
Rich pickings for hi-tech thieves,-1
Blog reading explodes in America,0
Software watching while you work,0
New delay hits EU software laws,-1
Savvy searchers fail to spot ads,0
Games firms 'face tough future',-1
Microsoft makes anti-piracy move,0
Nintendo handheld given Euro date,0
Smart search lets art fans browse,0
Warning over Windows Word files,-1
Net regulation 'still possible',0
Voters flock to blog awards site,0
Latest Opera browser gets vocal,0
Web radio takes Spanish rap global,0
Movie body targets children's PCs,0
Norway upholds 'Napster' ruling,-1
The future in your pocket,0
What high-definition will do to DVDs,0
Mobile games come of age,0
California sets fines for spyware,-1
Web helps collect aid donations,1
Mobiles rack up 20 years of use,0
Blogs take on the mainstream,0
Honour for UK games maker,0
Bush website blocked outside US,-1
Blogger grounded by her airline,-1
Camera phones are 'must-haves',1
Games 'deserve a place in class',1
Nuclear body seeks new tech,0
Web logs aid disaster recovery,1
Pandas benefit from wireless net,1
Search wars hit desktop PCs,0
Home phones face unclear future,0
Podcasts mark rise of DIY radio,0
Sony wares win innovation award,0
Portable PlayStation ready to go,0
Viewers to be able to shape TV,0
Games maker fights for survival,0
Pompeii gets digital make-over,0
Fast moving phone bugs appear,-1
Joke e-mail virus tricks users,-1
Progress on new internet domains,0
Argonaut founder rebuilds empire,0
Dozens held over ID fraud site,-1
Robots learn 'robotiquette' rules,0
Concerns over Windows ATMs,-1
Attack prompts Bush site block,-1
Loyalty cards idea for TV addicts,-1
The Force is strong in Battlefront,0
'Ultimate game' award for Doom 3,1
Gadget show heralds MP3 season,0
Commodore finds new lease of life,0
Broadband in the UK growing fast,0
Slim PlayStation triples sales,0
Seamen sail into biometric future,0
US duo in first spam conviction,-1
US blogger fired by her airline,-1
Gates opens biggest gadget fair,0
GTA sequel is criminally good,0
BT offers free net phone calls,1
When invention turns to innovation,0
Firefox browser takes on Microsoft,0
Halo fans' hope for sequel,0
Players sought for $1m prize,0
US top of supercomputing charts,0
Text messages aid disaster recovery,1
Putting a face to 'Big Brother',0
Football Manager scores big time,0
Musicians 'upbeat' about the net,0
Broadband takes on TV viewing,0
Freeze on anti-spam campaign,0
ITunes user sues Apple over iPod,-1
Microsoft gets the blogging bug,-1
Broadband fuels online change,0
'Blog' picked as word of the year,0
New Year's texting breaks record,0
DS aims to touch gamers,0
No half measures with Half-Life 2,0
Games win for Blu-ray DVD format,1
File-swappers ready new network,0
Online games play with politics,0
Broadband challenges TV viewing,0
Halo 2 sells five million copies,0
When technology gets personal,0
Doors open at biggest gadget fair,0
Who do you think you are?,0
'Brainwave' cap controls computer,0
Europe backs digital TV lifestyle,0
A decade of good website design,1
2D Metal Slug offers retro fun,1
Casual gaming to 'take off',1
Gadget show heralds MP3 Christmas,0
Supercomputer breaks speed record,1
Gadgets galore on show at fair,1
Microsoft debuts security tools,0
Slimmer PlayStation triple sales,0
Mobiles double up as bus tickets,0
Mobile gig aims to rock 3G,0
Consumers 'snub portable video',0
Learning to love broadband,0
Nintendo DS aims to touch gamers,0
China 'blocks Google news site',-1
A question of trust and technology,0
Call for action on internet scam,-1
Screensaver tackles spam websites,-1
First look at PlayStation 3 chip,0
Online commons to spark debate,0
Mobile gaming takes off in India,0
Gadget market 'to grow in 2005',0
Swap offer for pirated Windows XP,0
Ban hits Half-Life 2 pirates hard,-1
New browser wins over net surfers,0
Smartphones suffer Skulls attack,-1
Musical future for phones,0
Multi-purpose TV aids India,0
Computer grid to help the world,1
How to make a gigapixel picture,1
Remote control rifle range debuts,0
Gangsters dominate gaming chart,0
British Library gets wireless net,0
UK broadband gets speed injection,0
Row brewing over peer-to-peer ads,0
How to smash a home computer,0
Mobile picture power in your pocket,0
Man auctions ad space on forehead,0
Toxic web links help virus spread,-1
Millions to miss out on the net,-1
Lifestyle 'governs mobile choice',0
Search sites get closer to users,0
Anti-spam screensaver scrapped,-1
TV future in the hands of viewers,0
Cyber criminals step up the pace,-1
Gritty return for Prince of Persia,0
Disney backs Sony DVD technology,0
Britons growing 'digitally obese',0
Halo 2 heralds traffic explosion,0
Media gadgets get moving,0
Satellite mapping aids Darfur relief,1
Spam e-mails tempt net shoppers,-1
More power to the people says HP,1
Robotic pods take on car design,0
Hi-tech posters guide commuters,0
Parents face video game lessons,0
BBC web search aids odd queries,0
Mobile multimedia slow to catch on,0
Internet boom for gift shopping,0
Google to scan famous libraries,0
Microsoft takes on desktop search,0
Gamers snap up new Sony PSP,0
Go-ahead for new internet names,0
Set your television to wow,0
Hollywood to sue net film pirates,-1
PC ownership to 'double by 2010',0
PC photo printers challenge pros,0
The gaming world in 2005,0
Bond game fails to shake or stir,-1
Humanoid robot learns how to run,1
Nintendo adds media playing to DS,0
Apple sues to stop product leaks,-1
"Gamer buys $26,500 virtual land",0
Microsoft sets sights on spyware,1
Video phone help for deaf people,0
Fast lifts rise into record books,0
Broadband in the UK gathers pace,0
Hollywood campaign hits websites,0
Poles play with GameBoy 'blip-pop',0
Santy worm makes unwelcome visit,-1
EU software patent law delayed,-1
Apple sues 'Tiger' file sharers,-1
Apple unveils low-cost 'Mac mini',0
Speech takes on search engines,0
Broadband steams ahead in the US,0
Napster offers rented music to go,0
Broadband soars in 2004,0
Half of UK's mobiles 'go online',0
Blinx sequel purrs nicely,0
The year search became personal,0
IBM frees 500 software patents,0
Yahoo moves into desktop search,0
Rings of steel combat net attacks,1
US hacker breaks into T-Mobile,0
Windows worm travels with Tetris,-1
US state acts to stop 'spammers',1
World tour for top video gamers,0
Souped-up wi-fi is on the horizon,0
EA to take on film and TV giants,0
Tech helps disabled speed demons,1
Web photo storage market hots up,0
Speak easy plan for media players,0
Cable offers video-on-demand,0
Cyber crime booms in 2004,-1
Dublin hi-tech labs to shut down,-1
Games help you 'learn and play',0
Hacker threat to Apple's iTunes,-1
Format wars could 'confuse users',0
Peer-to-peer nets 'here to stay',0
Text message record smashed,0
Big war games battle it out,0
Fast moving phone viruses appear,-1
Apple Mac mini gets warm welcome,0
Rivals of the £400 Apple...,0
Mobiles get set for visual radio,0
Gamers could drive high-definition,0
How to make a greener computer,0
What's next for next-gen consoles?,0
More women turn to net security,0
Why Cell will get the hard sell,0
PlayStation 3 processor unveiled,0
Consumer concern over RFID tags,-1
Mobile audio enters new dimension,0
US woman sues over ink cartridges,-1
Mac Mini heralds mini revolution,0
Can Yahoo dominate next decade?,0
Domain system opens door to scams,-1
Ultra fast wi-fi nears completion,1
Virgin Radio offers 3G broadcast,1
More movies head to Sony's PSP,0
Warnings on woeful wi-fi security,-1
Cebit opens to mobile music tune,0
Game makers get Xbox 2 sneak peek,1
Broadband set to revolutionise TV,1
Chip maker backs net phone calls,0
Nintendo DS makes its Euro debut,0
Slow start to speedy net services,-1
Anti-tremor mouse stops PC shakes,0
The pirates with no profit motive,0
Apple makes blogs reveal sources,-1
Hitachi unveils 'fastest robot',0
Have hackers recruited your PC?,0
What price for 'trusted PC security'?,0
Gizmondo gadget hits the shelves,0
Confusion over high-definition TV,0
Digital UK driven by net and TV,0
Bad e-mail habits sustains spam,-1
Sony PSP handheld console hits US,1
'Podcasters' look to net money,0
Local net TV takes off in Austria,0
Rolling out next generation's net,0
Long life promised for laptop PCs,0
Net fingerprints combat attacks,-1
Microsoft plans 'safer ID' system,1
Court mulls file-sharing future,-1
France starts digital terrestrial,0
Text message record smashed again,1
Cabs collect mountain of mobiles,0
Mobile TV tipped as one to watch,0
Mobile music challenges 'iPod age',0
China 'ripe' for media explosion,0
Beckham virus spotted on the net,-1
Video phones act as dating tools,0
Anti-spam laws bite spammer hard,1
Broadband fuels online expression,1
TV's future down the phone line,0
Cebit fever takes over Hanover,0
New consoles promise big problems,-1
BT program to beat dialler scams,-1
Be careful how you code,0
US cyber security chief resigns,0
Losing yourself in online gaming,-1
